{
  "view/App.view.xml": 1713416960191,
  "Component.js": 1713416960175,
  "model/models.js": 1713416960183,
  "controller/Main.controller.js": 1713664007712,
  "controller/App.controller.js": 1713416960187,
  "manifest.json": 1713664079627,
  "Component-preload.js": 1713664079929,
  "controller/Main-dbg.controller.js": 1713664007712,
  "model/models-dbg.js": 1713416960183,
  "controller/App-dbg.controller.js": 1713416960187,
  "Component-dbg.js": 1713416960175,
  "view/Main.view.xml": 1713535126490,
  "i18n/i18n.properties": 1713465632205,
  "css/style.css": 1713416960187,
  "index.html": 1713416960179
}